old_path,category,tier,name,target_path,action,md5_8,viewbox_w,group,flags
icons/code-editor/copy.svg,code,24,copy,icons/code/24/copy.svg,move,de229ed7,22.5,code/copy,
icons/code-editor/cut.svg,code,24,cut,icons/code/24/cut.svg,move,d98329b1,22.5,code/cut,
icons/code-editor/help.svg,code,16,help,icons/code/16/help.svg,move,3e1e70e5,30,code/help,
icons/code-editor/open.svg,code,16,open,icons/code/16/open.svg,move,7bb50fa0,13.5,code/open,
icons/code-editor/paste.svg,code,24,paste,icons/code/24/paste.svg,move,846407e4,22.5,code/paste,
icons/code-editor/redo.svg,code,24,redo,icons/code/24/redo.svg,move,5f7d3ab9,22.5,code/redo,
icons/code-editor/reload.svg,code,16,reload,icons/code/16/reload.svg,move,25d9dc64,18,code/reload,
icons/code-editor/save.svg,code,16,save,icons/code/16/save.svg,move,a166854b,13.5,code/save,
icons/code-editor/template.svg,code,16,template,icons/code/16/template.svg,move,4f2e9fcd,12,code/template,
icons/code-editor/test.svg,code,16,test,icons/code/16/test.svg,move,630246f8,60,code/test,
icons/code-editor/undo.svg,code,24,undo,icons/code/24/undo.svg,move,303ede08,22.5,code/undo,
icons/toolbar/about.svg,commands,24,about,icons/commands/24/about.svg,move,b14a9b5c,24,commands/about,
icons/dashboard-buttons/abscissa.svg,commands,16,abscissa,icons/commands/16/abscissa.svg,move,54f795f6,12,commands/abscissa,
icons/start/actions.svg,commands,32,actions,icons/commands/32/actions.svg,move,e63a50b2,30,commands/actions,
icons/toolbar/activate.svg,commands,24,activate,icons/commands/24/activate.svg,move,d19e6792,22.5,commands/activate,
icons/start/add-workspace.svg,commands,32,add-workspace,icons/commands/32/add-workspace.svg,move,3d9b8c97,30,commands/add-workspace,
icons/taskbar/ai.svg,commands,48,ai,icons/commands/48/ai.svg,move,3d5a4cce,60,commands/ai,
icons/dashboard-buttons/anaglyph.svg,commands,24,anaglyph,icons/commands/24/anaglyph.svg,move,cd7117ee,22.5,commands/anaglyph,
icons/dashboard-buttons/archive.svg,commands,48,archive,icons/commands/48/archive.svg,move,0924324f,60,commands/archive,
icons/dashboard-buttons/area.svg,commands,16,area,icons/commands/16/area.svg,move,de0b09d4,12,commands/area,
icons/dashboard-buttons/audio-file.svg,commands,32,audio-file,icons/commands/32/audio-file.svg,move,f118ea3c,30,commands/audio-file,
icons/start/auto-layout.svg,commands,32,auto-layout,icons/commands/32/auto-layout.svg,move,7db17696,30,commands/auto-layout,
icons/dashboard-buttons/camcoder.svg,commands,32,camcoder,icons/commands/32/camcoder.svg,move,9c673701,30,commands/camcoder,
icons/dashboard-buttons/center.svg,commands,32,center,icons/commands/32/center.svg,move,be215ee7,30,commands/center,
icons/dashboard-buttons/clear.svg,commands,16,clear,icons/commands/16/clear.svg,move,3354902f,16,commands/clear,
icons/dashboard-buttons/color.svg,commands,16,color,icons/commands/16/color.svg,move,6c51648a,16,commands/color,
icons/start/console.svg,commands,32,console,icons/commands/32/console.svg,move,dff2b5f8,30,commands/console,
icons/taskbar/console.svg,commands,32,console,icons/commands/32/console.svg,drop-dup,dff2b5f8,30,commands/console,
icons/toolbar/console.svg,commands,48,console,icons/commands/48/console.svg,move,4f994ffa,30,commands/console,
icons/start/console-log.svg,commands,32,console-log,icons/commands/32/console-log.svg,move,76eb9017,30,commands/console-log,
icons/dashboard-buttons/crosshair.svg,commands,16,crosshair,icons/commands/16/crosshair.svg,move,c51addd6,12,commands/crosshair,
icons/toolbar/csv.svg,commands,16,csv,icons/commands/16/csv.svg,move,6bb61b05,30,commands/csv,
icons/start/csv-log.svg,commands,32,csv-log,icons/commands/32/csv-log.svg,move,0a006811,30,commands/csv-log,
icons/start/database-export.svg,commands,32,database-export,icons/commands/32/database-export.svg,move,0acee14c,30,commands/database-export,
icons/toolbar/deepwiki.svg,commands,16,deepwiki,icons/commands/16/deepwiki.svg,move,a6aa523b,12,commands/deepwiki,
icons/toolbar/deploy.svg,commands,16,deploy,icons/commands/16/deploy.svg,move,40bfd79d,16,commands/deploy,
icons/toolbar/device-setup.svg,commands,24,device-setup,icons/commands/24/device-setup.svg,move,c7b7030d,24,commands/device-setup,
icons/start/disconnect.svg,commands,32,disconnect,icons/commands/32/disconnect.svg,move,c2c948ca,30,commands/disconnect,
icons/toolbar/examples.svg,commands,16,examples,icons/commands/16/examples.svg,move,37b8cd23,12,commands/examples,
icons/start/export.svg,commands,32,export,icons/commands/32/export.svg,move,cd9d203c,30,commands/export,
icons/toolbar/extensions-small.svg,commands,16,extensions,icons/commands/16/extensions.svg,move,95d62432,16,commands/extensions,
icons/toolbar/extensions.svg,commands,48,extensions,icons/commands/48/extensions.svg,move,11114e40,60,commands/extensions,
icons/start/external-window.svg,commands,32,external-window,icons/commands/32/external-window.svg,move,562a9d0f,30,commands/external-window,
icons/start/file-transmission.svg,commands,16,file-transmission,icons/commands/16/file-transmission.svg,move,3c8d94ab,12,commands/file-transmission,
icons/taskbar/file-transmission.svg,commands,16,file-transmission,icons/commands/16/file-transmission.svg,drop-dup,3c8d94ab,12,commands/file-transmission,
icons/dashboard-buttons/filter.svg,commands,16,filter,icons/commands/16/filter.svg,move,cdc10e55,16,commands/filter,
icons/start/freeze.svg,commands,32,freeze,icons/commands/32/freeze.svg,move,68a9efb1,30,commands/freeze,
icons/dashboard-buttons/front_view.svg,commands,24,front-view,icons/commands/24/front-view.svg,move,c6be0edf,22.5,commands/front-view,
icons/start/full-screen.svg,commands,32,full-screen,icons/commands/32/full-screen.svg,move,e28f4ce5,30,commands/full-screen,
icons/toolbar/help.svg,commands,16,help,icons/commands/16/help.svg,move,09cbf108,12,commands/help,
icons/start/help.svg,commands,32,help,icons/commands/32/help.svg,move,57355879,30,commands/help,
icons/dashboard-buttons/interpolate-off.svg,commands,16,interpolate-off,icons/commands/16/interpolate-off.svg,move,3c082039,12,commands/interpolate-off,
icons/dashboard-buttons/interpolate-on.svg,commands,16,interpolate-on,icons/commands/16/interpolate-on.svg,move,d3423e1b,12,commands/interpolate-on,
icons/dashboard-buttons/invert.svg,commands,16,invert,icons/commands/16/invert.svg,move,de1eae62,12,commands/invert,
icons/dashboard-buttons/labels.svg,commands,16,labels,icons/commands/16/labels.svg,move,c7d4af6e,12,commands/labels,
icons/dashboard-buttons/left_view.svg,commands,24,left-view,icons/commands/24/left-view.svg,move,fa9b24d8,22.5,commands/left-view,
icons/dashboard-buttons/map.svg,commands,16,map,icons/commands/16/map.svg,move,de71b4b0,12,commands/map,
icons/toolbar/mf4.svg,commands,16,mf4,icons/commands/16/mf4.svg,move,74ec9325,30,commands/mf4,
icons/start/mf4-log.svg,commands,32,mf4-log,icons/commands/32/mf4-log.svg,move,3b7894da,30,commands/mf4-log,
icons/dashboard-buttons/nasa.svg,commands,24,nasa,icons/commands/24/nasa.svg,move,1c8b2bf0,36,commands/nasa,
icons/start/normal-screen.svg,commands,32,normal-screen,icons/commands/32/normal-screen.svg,move,bc00b4e0,30,commands/normal-screen,
icons/toolbar/open-project.svg,commands,16,open-project,icons/commands/16/open-project.svg,move,3b45859f,12,commands/open-project,
icons/dashboard-buttons/orbit.svg,commands,24,orbit,icons/commands/24/orbit.svg,move,57767bd0,24,commands/orbit,
icons/dashboard-buttons/orthogonal_view.svg,commands,24,orthogonal-view,icons/commands/24/orthogonal-view.svg,move,07039ed6,23,commands/orthogonal-view,
icons/dashboard-buttons/pan.svg,commands,16,pan,icons/commands/16/pan.svg,move,2e77ce6c,12,commands/pan,
icons/dashboard-buttons/pause.svg,commands,16,pause,icons/commands/16/pause.svg,move,a7c9ffd6,14,commands/pause,
icons/start/pause.svg,commands,16,pause,icons/commands/16/pause.svg,drop-dup,a7c9ffd6,14,commands/pause,
icons/taskbar/pause.svg,commands,16,pause,icons/commands/16/pause.svg,drop-dup,a7c9ffd6,14,commands/pause,
icons/dashboard-buttons/pictures-folder.svg,commands,48,pictures-folder,icons/commands/48/pictures-folder.svg,move,d6bebc3f,60,commands/pictures-folder,
icons/dashboard-buttons/poliline.svg,commands,24,poliline,icons/commands/24/poliline.svg,move,c8dee819,23,commands/poliline,
icons/toolbar/project-setup.svg,commands,24,project-setup,icons/commands/24/project-setup.svg,move,d69aae96,24,commands/project-setup,
icons/start/quit.svg,commands,32,quit,icons/commands/32/quit.svg,move,d73c6a3a,40,commands/quit,
icons/start/reset.svg,commands,32,reset,icons/commands/32/reset.svg,move,24d49266,40,commands/reset,
icons/dashboard-buttons/resume.svg,commands,16,resume,icons/commands/16/resume.svg,move,77416585,14,commands/resume,
icons/start/resume.svg,commands,16,resume,icons/commands/16/resume.svg,drop-dup,77416585,14,commands/resume,
icons/taskbar/resume.svg,commands,16,resume,icons/commands/16/resume.svg,drop-dup,77416585,14,commands/resume,
icons/dashboard-buttons/return.svg,commands,16,return,icons/commands/16/return.svg,move,e28f2453,12,commands/return,
icons/dashboard-buttons/save-as.svg,commands,32,save-as,icons/commands/32/save-as.svg,move,fc37c381,30,commands/save-as,
icons/start/sessions.svg,commands,16,sessions,icons/commands/16/sessions.svg,move,b974a68c,16,commands/sessions,
icons/toolbar/sessions.svg,commands,16,sessions,icons/commands/16/sessions.svg,drop-dup,b974a68c,16,commands/sessions,
icons/start/settings.svg,commands,16,settings,icons/commands/16/settings.svg,move,f7c865fc,12.0017,commands/settings,
icons/taskbar/settings.svg,commands,16,settings,icons/commands/16/settings.svg,drop-dup,f7c865fc,12.0017,commands/settings,
icons/toolbar/settings.svg,commands,32,settings,icons/commands/32/settings.svg,move,e7e9e687,30,commands/settings,
icons/dashboard-buttons/sound-folder.svg,commands,32,sound-folder,icons/commands/32/sound-folder.svg,move,07c77c67,30,commands/sound-folder,
icons/dashboard-buttons/sweep.svg,commands,16,sweep,icons/commands/16/sweep.svg,move,83efa82c,16,commands/sweep,
icons/start/tools.svg,commands,32,tools,icons/commands/32/tools.svg,move,250c7a23,40,commands/tools,
icons/dashboard-buttons/top_view.svg,commands,24,top-view,icons/commands/24/top-view.svg,move,8e2046db,22.5,commands/top-view,
icons/dashboard-buttons/trigger.svg,commands,24,trigger,icons/commands/24/trigger.svg,move,1dea67f2,24,commands/trigger,
icons/dashboard-buttons/weather.svg,commands,16,weather,icons/commands/16/weather.svg,move,e3cbb760,12,commands/weather,
icons/start/workspaces.svg,commands,32,workspaces,icons/commands/32/workspaces.svg,move,29f1bae8,30,commands/workspaces,
icons/dashboard-buttons/x.svg,commands,16,x,icons/commands/16/x.svg,move,9bc743db,12,commands/x,
icons/dashboard-buttons/y.svg,commands,16,y,icons/commands/16/y.svg,move,da0c029c,12,commands/y,
icons/dashboard-buttons/zoom-in.svg,commands,24,zoom-in,icons/commands/24/zoom-in.svg,move,574fd343,22.5,commands/zoom-in,
icons/dashboard-buttons/zoom-out.svg,commands,24,zoom-out,icons/commands/24/zoom-out.svg,move,256fdc31,22.5,commands/zoom-out,
icons/console/clear.svg,console,32,clear,icons/console/32/clear.svg,move,b029a461,30,console/clear,
icons/console/collapse-duplicates.svg,console,32,collapse-duplicates,icons/console/32/collapse-duplicates.svg,move,fb6f0a72,30,console/collapse-duplicates,
icons/console/hexadecimal.svg,console,16,hexadecimal,icons/console/16/hexadecimal.svg,move,8fef4e22,12,console/hexadecimal,
icons/console/plain-text.svg,console,16,plain-text,icons/console/16/plain-text.svg,move,a983ea6e,12,console/plain-text,
icons/console/search.svg,console,32,search,icons/console/32/search.svg,move,cad7b385,30,console/search,
icons/console/settings.svg,console,32,settings,icons/console/32/settings.svg,move,570d055c,30,console/settings,
icons/console/utilities.svg,console,32,utilities,icons/console/32/utilities.svg,move,d6c73c4f,30,console/utilities,
icons/database/close.svg,database,48,close,icons/database/48/close.svg,move,79b20e78,60,database/close,
icons/database/delete.svg,database,48,delete,icons/database/48/delete.svg,move,74832af9,60,database/delete,
icons/database/export-pdf.svg,database,32,export-pdf,icons/database/32/export-pdf.svg,move,d85d6cee,30,database/export-pdf,
icons/database/open.svg,database,48,open,icons/database/48/open.svg,move,ce47ae9e,60,database/open,
icons/database/replay.svg,database,48,replay,icons/database/48/replay.svg,move,d1315a42,60,database/replay,
icons/database/restore.svg,database,32,restore,icons/database/32/restore.svg,move,04cfba79,30,database/restore,
icons/database/unlock.svg,database,32,unlock,icons/database/32/unlock.svg,move,75172c55,30,database/unlock,
icons/devices/drivers/audio.svg,devices,16,audio,icons/devices/16/audio.svg,move,7f683853,12,devices/audio,
icons/devices/drivers/bluetooth.svg,devices,16,bluetooth,icons/devices/16/bluetooth.svg,move,29c7b60b,12,devices/bluetooth,
icons/devices/drivers/canbus.svg,devices,16,canbus,icons/devices/16/canbus.svg,move,7505df34,12,devices/canbus,
icons/devices/drivers/hid.svg,devices,16,hid,icons/devices/16/hid.svg,move,dcae07f2,12,devices/hid,
icons/devices/drivers/modbus.svg,devices,16,modbus,icons/devices/16/modbus.svg,move,970c5679,12,devices/modbus,
icons/devices/drivers/mqtt.svg,devices,48,mqtt,icons/devices/48/mqtt.svg,move,af268bbd,60,devices/mqtt,
icons/devices/drivers/network.svg,devices,16,network,icons/devices/16/network.svg,move,dfa977ca,12,devices/network,
icons/devices/drivers/process.svg,devices,16,process,icons/devices/16/process.svg,move,f911e4f2,12,devices/process,
icons/devices/drivers/uart.svg,devices,16,uart,icons/devices/16/uart.svg,move,7cbe7417,10.5,devices/uart,between-tier
icons/devices/drivers/usb.svg,devices,16,usb,icons/devices/16/usb.svg,move,fb27d414,12,devices/usb,
icons/project-editor/model/action.svg,editor,16,action,icons/editor/16/action.svg,move,1f7c5c0c,13.5,editor/action,
icons/project-editor/treeview/action.svg,editor,16,action,icons/editor/16/action.svg,drop-dup,1f7c5c0c,13.5,editor/action,
icons/project-editor/summary/action.svg,editor,32,action,icons/editor/32/action.svg,move,a8b22912,30,editor/action,
icons/project-editor/toolbar/add-action.svg,editor,32,action,icons/editor/32/action.svg,drop-dup,a8b22912,30,editor/action,renamed
icons/project-editor/toolbar/add-bar.svg,editor,16,add-bar,icons/editor/16/add-bar.svg,move,71c96b58,9,editor/add-bar,between-tier
icons/project-editor/actions/add-bar.svg,editor,24,add-bar,icons/editor/24/add-bar.svg,move,75d22f02,18,editor/add-bar,
icons/project-editor/actions/add-compass.svg,editor,24,add-compass,icons/editor/24/add-compass.svg,move,cdab8e45,18,editor/add-compass,
icons/project-editor/actions/add-dataset.svg,editor,24,add-dataset,icons/editor/24/add-dataset.svg,move,8c2857ad,18,editor/add-dataset,
icons/project-editor/actions/add-fft.svg,editor,24,add-fft,icons/editor/24/add-fft.svg,move,4b67e837,18,editor/add-fft,
icons/project-editor/actions/add-folder-small.svg,editor,16,add-folder,icons/editor/16/add-folder.svg,move,d9293841,60,editor/add-folder,
icons/project-editor/actions/add-folder.svg,editor,48,add-folder,icons/editor/48/add-folder.svg,move,45bad95a,60,editor/add-folder,
icons/project-editor/actions/add-gauge.svg,editor,24,add-gauge,icons/editor/24/add-gauge.svg,move,ee1b1d88,60,editor/add-gauge,
icons/toolbar/add-gauge.svg,editor,24,add-gauge,icons/editor/24/add-gauge.svg,drop-dup,ee1b1d88,60,editor/add-gauge,cross-category
icons/project-editor/actions/add-led.svg,editor,24,add-led,icons/editor/24/add-led.svg,move,eaa49a13,18,editor/add-led,
icons/project-editor/actions/add-meter.svg,editor,24,add-meter,icons/editor/24/add-meter.svg,move,3a12c063,18,editor/add-meter,
icons/project-editor/actions/add-output-button.svg,editor,24,add-output-button,icons/editor/24/add-output-button.svg,move,7064add5,60,editor/add-output-button,
icons/project-editor/actions/add-output-knob.svg,editor,24,add-output-knob,icons/editor/24/add-output-knob.svg,move,aa64eb53,60,editor/add-output-knob,
icons/project-editor/actions/add-output-slider.svg,editor,24,add-output-slider,icons/editor/24/add-output-slider.svg,move,b5651a61,60,editor/add-output-slider,
icons/project-editor/actions/add-output-textfield.svg,editor,24,add-output-textfield,icons/editor/24/add-output-textfield.svg,move,ce8c235f,60,editor/add-output-textfield,
icons/project-editor/actions/add-output-toggle.svg,editor,24,add-output-toggle,icons/editor/24/add-output-toggle.svg,move,76b4f6c2,60,editor/add-output-toggle,
icons/project-editor/toolbar/add-painter.svg,editor,16,add-painter,icons/editor/16/add-painter.svg,move,0b67a798,30,editor/add-painter,
icons/project-editor/actions/add-plot.svg,editor,24,add-plot,icons/editor/24/add-plot.svg,move,f946f718,18,editor/add-plot,
icons/project-editor/actions/add-register.svg,editor,24,add-register,icons/editor/24/add-register.svg,move,e316ad44,60,editor/add-register,
icons/project-editor/actions/add-table.svg,editor,24,add-table,icons/editor/24/add-table.svg,move,f23aab8b,60,editor/add-table,
icons/project-editor/actions/add-waterfall.svg,editor,24,add-waterfall,icons/editor/24/add-waterfall.svg,move,eafb0e26,18,editor/add-waterfall,
icons/project-editor/toolbar/ai.svg,editor,48,ai,icons/editor/48/ai.svg,move,c4659bad,60,editor/ai,
icons/toolbar/ai.svg,editor,48,ai,icons/editor/48/ai.svg,drop-dup,c4659bad,60,editor/ai,cross-category
icons/project-editor/model/alarm.svg,editor,16,alarm,icons/editor/16/alarm.svg,move,ced9cad9,12,editor/alarm,
icons/project-editor/actions/alarm-bands.svg,editor,24,alarm-bands,icons/editor/24/alarm-bands.svg,move,3d843112,40,editor/alarm-bands,
icons/project-editor/actions/bar.svg,editor,24,bar,icons/editor/24/bar.svg,move,90910829,18,editor/bar,
icons/project-editor/actions/change-group.svg,editor,24,change-group,icons/editor/24/change-group.svg,move,c876dc3c,18,editor/change-group,
icons/project-editor/actions/clear.svg,editor,32,clear,icons/editor/32/clear.svg,move,24ff7bf2,40,editor/clear,
icons/project-editor/treeview/code.svg,editor,16,code,icons/editor/16/code.svg,move,fe1f4b72,13.5,editor/code,
icons/project-editor/windows/code.svg,editor,16,code,icons/editor/16/code.svg,drop-dup,fe1f4b72,13.5,editor/code,
icons/project-editor/actions/compass.svg,editor,24,compass,icons/editor/24/compass.svg,move,f0b785d2,18,editor/compass,
icons/project-editor/actions/connect.svg,editor,24,connect,icons/editor/24/connect.svg,move,e8acd8a8,24,editor/connect,
icons/toolbar/connect.svg,editor,24,connect,icons/editor/24/connect.svg,drop-dup,e8acd8a8,24,editor/connect,cross-category
icons/project-editor/treeview/control-script.svg,editor,48,control-script,icons/editor/48/control-script.svg,move,e51f69b3,60,editor/control-script,
icons/project-editor/windows/control-script.svg,editor,48,control-script,icons/editor/48/control-script.svg,drop-dup,e51f69b3,60,editor/control-script,
icons/project-editor/actions/customize.svg,editor,24,customize,icons/editor/24/customize.svg,move,b032d26e,60,editor/customize,
icons/project-editor/treeview/dashboard-widgets.svg,editor,48,dashboard-widgets,icons/editor/48/dashboard-widgets.svg,move,5c2e6160,60,editor/dashboard-widgets,
icons/project-editor/model/data-conversion.svg,editor,16,data-conversion,icons/editor/16/data-conversion.svg,move,accaefa2,12,editor/data-conversion,
icons/project-editor/model/dataset.svg,editor,16,dataset,icons/editor/16/dataset.svg,move,69306785,13.5,editor/dataset,
icons/project-editor/treeview/dataset.svg,editor,16,dataset,icons/editor/16/dataset.svg,drop-dup,69306785,13.5,editor/dataset,
icons/project-editor/windows/dataset.svg,editor,16,dataset,icons/editor/16/dataset.svg,drop-dup,69306785,13.5,editor/dataset,
icons/project-editor/summary/dataset.svg,editor,32,dataset,icons/editor/32/dataset.svg,move,6e5f505f,30,editor/dataset,
icons/project-editor/toolbar/add-dataset.svg,editor,32,dataset,icons/editor/32/dataset.svg,drop-dup,6e5f505f,30,editor/dataset,renamed
icons/project-editor/summary/dataset-values.svg,editor,16,dataset-values,icons/editor/16/dataset-values.svg,move,a9b6d0fe,12,editor/dataset-values,
icons/project-editor/treeview/dataset-values.svg,editor,24,dataset-values,icons/editor/24/dataset-values.svg,move,4cb8ea1b,12,editor/dataset-values,
icons/project-editor/actions/delete-small.svg,editor,16,delete,icons/editor/16/delete.svg,move,f2d8f8ac,60,editor/delete,
icons/project-editor/actions/delete.svg,editor,24,delete,icons/editor/24/delete.svg,move,74e648e7,18,editor/delete,
icons/project-editor/actions/delete-register.svg,editor,48,delete-register,icons/editor/48/delete-register.svg,move,48db69c1,60,editor/delete-register,
icons/project-editor/actions/delete-table.svg,editor,24,delete-table,icons/editor/24/delete-table.svg,move,a6fbe01e,60,editor/delete-table,
icons/project-editor/summary/device.svg,editor,16,device,icons/editor/16/device.svg,move,0512a21d,12,editor/device,
icons/project-editor/toolbar/add-device.svg,editor,24,device,icons/editor/24/device.svg,drop-dup,9b4ae935,12,editor/device,renamed
icons/project-editor/toolbar/device.svg,editor,24,device,icons/editor/24/device.svg,move,9b4ae935,12,editor/device,
icons/project-editor/actions/disconnect.svg,editor,24,disconnect,icons/editor/24/disconnect.svg,move,07692a75,24,editor/disconnect,
icons/toolbar/disconnect.svg,editor,24,disconnect,icons/editor/24/disconnect.svg,drop-dup,07692a75,24,editor/disconnect,cross-category
icons/project-editor/actions/duplicate-small.svg,editor,16,duplicate,icons/editor/16/duplicate.svg,move,a9169e17,60,editor/duplicate,
icons/project-editor/actions/duplicate.svg,editor,24,duplicate,icons/editor/24/duplicate.svg,move,1d286b3e,18,editor/duplicate,
icons/project-editor/actions/edit-code.svg,editor,16,edit-code,icons/editor/16/edit-code.svg,move,60f6e4c1,30,editor/edit-code,
icons/project-editor/treeview/encoding.svg,editor,24,encoding,icons/editor/24/encoding.svg,move,a8fd665c,18,editor/encoding,
icons/database/export-csv.svg,editor,24,export-table,icons/editor/24/export-table.svg,drop-dup,e7371432,60,editor/export-table,cross-category;renamed
icons/project-editor/actions/export-table.svg,editor,24,export-table,icons/editor/24/export-table.svg,move,e7371432,60,editor/export-table,
icons/project-editor/actions/fft.svg,editor,24,fft,icons/editor/24/fft.svg,move,f77735ab,18,editor/fft,
icons/project-editor/model/frame-detection.svg,editor,16,frame-detection,icons/editor/16/frame-detection.svg,move,b24efafe,12,editor/frame-detection,
icons/project-editor/treeview/frame-end.svg,editor,16,frame-end,icons/editor/16/frame-end.svg,move,71c4f75b,13.5,editor/frame-end,
icons/project-editor/treeview/frame-start.svg,editor,16,frame-start,icons/editor/16/frame-start.svg,move,32087239,13.5,editor/frame-start,
icons/project-editor/windows/group.svg,editor,16,group,icons/editor/16/group.svg,move,9fbe7adf,13.5,editor/group,
icons/project-editor/summary/group.svg,editor,32,group,icons/editor/32/group.svg,move,34db0734,30,editor/group,
icons/project-editor/toolbar/add-group.svg,editor,32,group,icons/editor/32/group.svg,drop-dup,34db0734,30,editor/group,renamed
icons/project-editor/toolbar/help.svg,editor,24,help,icons/editor/24/help.svg,move,b026fabc,22.5,editor/help,
icons/project-editor/actions/hide.svg,editor,16,hide,icons/editor/16/hide.svg,move,8d123a19,60,editor/hide,
icons/project-editor/actions/import-table.svg,editor,24,import-table,icons/editor/24/import-table.svg,move,4c19885e,60,editor/import-table,
icons/project-editor/treeview/indicator.svg,editor,16,indicator,icons/editor/16/indicator.svg,move,4027e337,13.5,editor/indicator,
icons/project-editor/actions/insert-constant.svg,editor,24,insert-constant,icons/editor/24/insert-constant.svg,move,2ec7c989,60,editor/insert-constant,
icons/project-editor/model/led.svg,editor,16,led,icons/editor/16/led.svg,move,8008f2f3,12,editor/led,
icons/project-editor/actions/led.svg,editor,24,led,icons/editor/24/led.svg,move,e4929e6e,18,editor/led,
icons/project-editor/actions/left.svg,editor,16,left,icons/editor/16/left.svg,move,4fde7230,16,editor/left,
icons/project-editor/actions/load-ca-certs.svg,editor,24,load-ca-certs,icons/editor/24/load-ca-certs.svg,move,17c8406d,40,editor/load-ca-certs,
icons/database/lock.svg,editor,32,lock,icons/editor/32/lock.svg,drop-dup,992f33ef,30,editor/lock,cross-category
icons/project-editor/toolbar/lock.svg,editor,32,lock,icons/editor/32/lock.svg,move,992f33ef,30,editor/lock,
icons/project-editor/actions/meter.svg,editor,24,meter,icons/editor/24/meter.svg,move,1ebdc040,18,editor/meter,
icons/project-editor/actions/move-down.svg,editor,16,move-down,icons/editor/16/move-down.svg,move,222d06ac,30,editor/move-down,
icons/project-editor/actions/move-folder.svg,editor,16,move-folder,icons/editor/16/move-folder.svg,move,fa6d8250,60,editor/move-folder,
icons/project-editor/actions/move-here.svg,editor,16,move-here,icons/editor/16/move-here.svg,move,df7343b3,60,editor/move-here,
icons/project-editor/actions/move-up.svg,editor,16,move-up,icons/editor/16/move-up.svg,move,bdc18092,30,editor/move-up,
icons/project-editor/model/mqtt-broker.svg,editor,16,mqtt-broker,icons/editor/16/mqtt-broker.svg,move,096c4f09,16,editor/mqtt-broker,
icons/project-editor/treeview/mqtt-publisher.svg,editor,48,mqtt-publisher,icons/editor/48/mqtt-publisher.svg,move,3bad55fc,60,editor/mqtt-publisher,
icons/project-editor/model/mqtt-ssl.svg,editor,16,mqtt-ssl,icons/editor/16/mqtt-ssl.svg,move,fd2e2e54,16,editor/mqtt-ssl,
icons/project-editor/toolbar/new.svg,editor,32,new,icons/editor/32/new.svg,move,f8dcc1e1,30,editor/new,
icons/project-editor/toolbar/open.svg,editor,16,open,icons/editor/16/open.svg,move,0edf3052,12,editor/open,
icons/project-editor/open.svg,editor,48,open,icons/editor/48/open.svg,move,076e1c50,48,editor/open,
icons/project-editor/actions/output-button.svg,editor,24,output-button,icons/editor/24/output-button.svg,move,d4413490,60,editor/output-button,
icons/project-editor/toolbar/add-output-button.svg,editor,16,output-button-alt,icons/editor/16/output-button-alt.svg,drop-dup,2703ee02,60,editor/output-button-alt,renamed
icons/project-editor/treeview/output-button.svg,editor,16,output-button-alt,icons/editor/16/output-button-alt.svg,move,2703ee02,60,editor/output-button-alt,
icons/project-editor/actions/output-knob.svg,editor,24,output-knob,icons/editor/24/output-knob.svg,move,b92f098f,60,editor/output-knob,
icons/project-editor/toolbar/add-output-knob.svg,editor,16,output-knob-alt,icons/editor/16/output-knob-alt.svg,drop-dup,c581b0b1,60,editor/output-knob-alt,renamed
icons/project-editor/treeview/output-knob.svg,editor,16,output-knob-alt,icons/editor/16/output-knob-alt.svg,move,c581b0b1,60,editor/output-knob-alt,
icons/project-editor/model/action-behavior.svg,editor,16,output-range,icons/editor/16/output-range.svg,drop-dup,b62a2c02,12,editor/output-range,renamed
icons/project-editor/model/mqtt-publishing.svg,editor,16,output-range,icons/editor/16/output-range.svg,drop-dup,b62a2c02,12,editor/output-range,renamed
icons/project-editor/model/output-range.svg,editor,16,output-range,icons/editor/16/output-range.svg,move,b62a2c02,12,editor/output-range,
icons/project-editor/actions/output-slider.svg,editor,24,output-slider,icons/editor/24/output-slider.svg,move,3586f914,60,editor/output-slider,
icons/project-editor/toolbar/add-output-slider.svg,editor,16,output-slider-alt,icons/editor/16/output-slider-alt.svg,drop-dup,00dc7395,60,editor/output-slider-alt,renamed
icons/project-editor/treeview/output-slider.svg,editor,16,output-slider-alt,icons/editor/16/output-slider-alt.svg,move,00dc7395,60,editor/output-slider-alt,
icons/project-editor/actions/output-textfield.svg,editor,24,output-textfield,icons/editor/24/output-textfield.svg,move,c9e3199a,60,editor/output-textfield,
icons/project-editor/toolbar/add-output-textfield.svg,editor,16,output-textfield-alt,icons/editor/16/output-textfield-alt.svg,drop-dup,4e3fad27,60,editor/output-textfield-alt,renamed
icons/project-editor/treeview/output-textfield.svg,editor,16,output-textfield-alt,icons/editor/16/output-textfield-alt.svg,move,4e3fad27,60,editor/output-textfield-alt,
icons/project-editor/actions/output-toggle.svg,editor,24,output-toggle,icons/editor/24/output-toggle.svg,move,077a61ef,60,editor/output-toggle,
icons/project-editor/toolbar/add-output-toggle.svg,editor,16,output-toggle-alt,icons/editor/16/output-toggle-alt.svg,drop-dup,894cedd6,60,editor/output-toggle-alt,renamed
icons/project-editor/treeview/output-toggle.svg,editor,16,output-toggle-alt,icons/editor/16/output-toggle-alt.svg,move,894cedd6,60,editor/output-toggle-alt,
icons/project-editor/actions/plot.svg,editor,24,plot,icons/editor/24/plot.svg,move,36a174d3,18,editor/plot,
icons/project-editor/model/project.svg,editor,16,project,icons/editor/16/project.svg,move,f42f2c53,12,editor/project,
icons/project-editor/treeview/project-setup.svg,editor,16,project-setup,icons/editor/16/project-setup.svg,move,71685bad,13.5,editor/project-setup,
icons/project-editor/windows/project-setup.svg,editor,16,project-setup,icons/editor/16/project-setup.svg,drop-dup,71685bad,13.5,editor/project-setup,
icons/project-editor/windows/project-structure.svg,editor,16,project-structure,icons/editor/16/project-structure.svg,move,b96b1d88,13.5,editor/project-structure,
icons/project-editor/treeview/project-title.svg,editor,16,project-title,icons/editor/16/project-title.svg,move,cd57f6df,13.5,editor/project-title,
icons/project-editor/toolbar/protobuf.svg,editor,32,protobuf,icons/editor/32/protobuf.svg,move,7749843c,40,editor/protobuf,
icons/project-editor/permissions/read-only.svg,editor,16,read-only,icons/editor/16/read-only.svg,move,96c06bd6,60,editor/read-only,
icons/project-editor/permissions/read-write.svg,editor,16,read-write,icons/editor/16/read-write.svg,move,e7bf563d,12,editor/read-write,
icons/project-editor/toolbar/recover-backup.svg,editor,32,recover-backup,icons/editor/32/recover-backup.svg,move,f7c54748,40,editor/recover-backup,
icons/project-editor/actions/rename.svg,editor,16,rename,icons/editor/16/rename.svg,move,5fcf0a19,16,editor/rename,
icons/project-editor/actions/rename-table.svg,editor,24,rename-table,icons/editor/24/rename-table.svg,move,5ea14740,60,editor/rename-table,
icons/project-editor/actions/right.svg,editor,16,right,icons/editor/16/right.svg,move,90b86699,16,editor/right,
icons/project-editor/toolbar/save.svg,editor,16,save,icons/editor/16/save.svg,move,8f0828d9,12,editor/save,
icons/project-editor/toolbar/save-as.svg,editor,16,save-as,icons/editor/16/save-as.svg,move,6ed9e398,12,editor/save-as,
icons/project-editor/treeview/save-warning.svg,editor,24,save-warning,icons/editor/24/save-warning.svg,move,42ac8a6d,30,editor/save-warning,
icons/project-editor/treeview/separator.svg,editor,16,separator,icons/editor/16/separator.svg,move,4d95f728,13.5,editor/separator,
icons/project-editor/summary/shared-memory.svg,editor,16,shared-memory,icons/editor/16/shared-memory.svg,move,188ad05a,12,editor/shared-memory,
icons/project-editor/treeview/shared-memory.svg,editor,24,shared-memory,icons/editor/24/shared-memory.svg,move,7e5a393c,12,editor/shared-memory,
icons/project-editor/summary/shared-table.svg,editor,48,shared-table,icons/editor/48/shared-table.svg,move,3e2b2f9a,60,editor/shared-table,
icons/project-editor/treeview/shared-table.svg,editor,16,shared-table-alt,icons/editor/16/shared-table-alt.svg,move,0c13f3e2,60,editor/shared-table-alt,
icons/project-editor/actions/show.svg,editor,48,show,icons/editor/48/show.svg,move,2a6c8643,60,editor/show,
icons/project-editor/actions/test-connection.svg,editor,24,test-connection,icons/editor/24/test-connection.svg,move,404c5ab1,40,editor/test-connection,
icons/project-editor/model/text-encoding.svg,editor,16,text-encoding,icons/editor/16/text-encoding.svg,move,9dc473e9,16,editor/text-encoding,
icons/project-editor/model/timer.svg,editor,16,timer,icons/editor/16/timer.svg,move,1f737e7e,12,editor/timer,
icons/project-editor/actions/top-level-folder.svg,editor,16,top-level-folder,icons/editor/16/top-level-folder.svg,move,427a6788,60,editor/top-level-folder,
icons/project-editor/treeview/transform.svg,editor,16,transform,icons/editor/16/transform.svg,move,38ac90d4,13.5,editor/transform,
icons/project-editor/actions/transform.svg,editor,32,transform,icons/editor/32/transform.svg,move,b757e937,30,editor/transform,
icons/project-editor/model/tx-data.svg,editor,16,tx-data,icons/editor/16/tx-data.svg,move,2536ab01,12,editor/tx-data,
icons/project-editor/actions/waterfall.svg,editor,24,waterfall,icons/editor/24/waterfall.svg,move,9a8e1cd1,18,editor/waterfall,
icons/project-editor/model/output-widget.svg,editor,16,widget,icons/editor/16/widget.svg,drop-dup,4d356fa2,12,editor/widget,renamed
icons/project-editor/model/widget.svg,editor,16,widget,icons/editor/16/widget.svg,move,4d356fa2,12,editor/widget,
icons/project-editor/model/workspace.svg,editor,48,workspace,icons/editor/48/workspace.svg,move,d7acd691,60,editor/workspace,
icons/project-editor/treeview/workspaces.svg,editor,48,workspace,icons/editor/48/workspace.svg,drop-dup,d7acd691,60,editor/workspace,renamed
icons/licensing/devices.svg,licensing,16,devices,icons/licensing/16/devices.svg,move,f4414af2,13.5,licensing/devices,
icons/licensing/email.svg,licensing,16,email,icons/licensing/16/email.svg,move,235c6954,13.5,licensing/email,
icons/licensing/key.svg,licensing,16,key,icons/licensing/16/key.svg,move,9f7c8781,13.5,licensing/key,
icons/licensing/license.svg,licensing,48,license,icons/licensing/48/license.svg,move,8e40be59,60,licensing/license,
icons/licensing/plan.svg,licensing,16,plan,icons/licensing/16/plan.svg,move,fbb1d653,13.5,licensing/plan,
icons/licensing/user.svg,licensing,16,user,icons/licensing/16/user.svg,move,450f383c,13.5,licensing/user,
icons/licensing/uuid.svg,licensing,16,uuid,icons/licensing/16/uuid.svg,move,68efae77,13.5,licensing/uuid,
icons/notifications/critical.svg,notifications,16,critical,icons/notifications/16/critical.svg,move,38467ee2,12,notifications/critical,
icons/notifications/info.svg,notifications,16,info,icons/notifications/16/info.svg,move,4c744502,12,notifications/info,
icons/notifications/warning.svg,notifications,16,warning,icons/notifications/16/warning.svg,move,a8d8bf0e,12,notifications/warning,
icons/panes/dashboard.svg,panes,16,dashboard,icons/panes/16/dashboard.svg,move,fc4f6803,12,panes/dashboard,
icons/panes/details.svg,panes,32,details,icons/panes/32/details.svg,move,e551e3a9,30,panes/details,
icons/panes/important.svg,panes,24,important,icons/panes/24/important.svg,move,08f91b2f,30,panes/important,
icons/panes/info.svg,panes,24,info,icons/panes/24/info.svg,move,3b354a19,30,panes/info,
icons/panes/overview.svg,panes,16,overview,icons/panes/16/overview.svg,move,42c099f5,12,panes/overview,
icons/panes/sessions.svg,panes,32,sessions,icons/panes/32/sessions.svg,move,77d755eb,30,panes/sessions,
icons/panes/setup.svg,panes,16,setup,icons/panes/16/setup.svg,move,0842c79c,13.5,panes/setup,
icons/dashboard-small/accelerometer.svg,widgets,16,accelerometer,icons/widgets/16/accelerometer.svg,move,59d79060,12,widgets/accelerometer,
icons/project-editor/toolbar/add-accelerometer.svg,widgets,16,accelerometer,icons/widgets/16/accelerometer.svg,drop-dup,59d79060,12,widgets/accelerometer,cross-category;renamed
icons/project-editor/treeview/accelerometer.svg,widgets,16,accelerometer,icons/widgets/16/accelerometer.svg,drop-dup,59d79060,12,widgets/accelerometer,cross-category
icons/dashboard-large/accelerometer.svg,widgets,32,accelerometer,icons/widgets/32/accelerometer.svg,move,7267e14e,30,widgets/accelerometer,
icons/dashboard-small/bar.svg,widgets,16,bar,icons/widgets/16/bar.svg,move,0ece5c95,9,widgets/bar,between-tier
icons/dashboard-large/bar.svg,widgets,32,bar,icons/widgets/32/bar.svg,move,d536dc7b,18,widgets/bar,
icons/dashboard-small/clock.svg,widgets,16,clock,icons/widgets/16/clock.svg,move,a3b445f6,16,widgets/clock,
icons/start/clock.svg,widgets,16,clock,icons/widgets/16/clock.svg,drop-dup,a3b445f6,16,widgets/clock,cross-category
icons/taskbar/clock.svg,widgets,16,clock,icons/widgets/16/clock.svg,drop-dup,a3b445f6,16,widgets/clock,cross-category
icons/dashboard-large/clock.svg,widgets,32,clock,icons/widgets/32/clock.svg,move,e6870423,40,widgets/clock,
icons/dashboard-small/compass.svg,widgets,16,compass,icons/widgets/16/compass.svg,move,c133fa11,30,widgets/compass,
icons/project-editor/toolbar/add-compass.svg,widgets,16,compass,icons/widgets/16/compass.svg,drop-dup,c133fa11,30,widgets/compass,cross-category;renamed
icons/dashboard-large/compass.svg,widgets,32,compass,icons/widgets/32/compass.svg,move,7c3c82ee,30,widgets/compass,
icons/dashboard-small/datagrid.svg,widgets,16,datagrid,icons/widgets/16/datagrid.svg,move,7ebb67bb,13.5,widgets/datagrid,
icons/project-editor/toolbar/add-datagrid.svg,widgets,16,datagrid,icons/widgets/16/datagrid.svg,drop-dup,7ebb67bb,13.5,widgets/datagrid,cross-category;renamed
icons/project-editor/treeview/datagrid.svg,widgets,16,datagrid,icons/widgets/16/datagrid.svg,drop-dup,7ebb67bb,13.5,widgets/datagrid,cross-category
icons/dashboard-large/datagrid.svg,widgets,32,datagrid,icons/widgets/32/datagrid.svg,move,b75a33e4,30,widgets/datagrid,
icons/dashboard-small/fft.svg,widgets,16,fft,icons/widgets/16/fft.svg,move,41baadf1,13.5,widgets/fft,
icons/project-editor/model/fft.svg,widgets,16,fft,icons/widgets/16/fft.svg,drop-dup,41baadf1,13.5,widgets/fft,cross-category
icons/project-editor/toolbar/add-fft.svg,widgets,16,fft,icons/widgets/16/fft.svg,drop-dup,41baadf1,13.5,widgets/fft,cross-category;renamed
icons/dashboard-large/fft.svg,widgets,32,fft,icons/widgets/32/fft.svg,move,58fe9578,30,widgets/fft,
icons/dashboard-small/folder.svg,widgets,16,folder,icons/widgets/16/folder.svg,move,64d58f79,60,widgets/folder,
icons/project-editor/treeview/folder.svg,widgets,16,folder,icons/widgets/16/folder.svg,drop-dup,64d58f79,60,widgets/folder,cross-category
icons/dashboard-large/folder.svg,widgets,32,folder,icons/widgets/32/folder.svg,move,b06bccb6,60,widgets/folder,
icons/dashboard-small/gauge.svg,widgets,16,gauge,icons/widgets/16/gauge.svg,move,10dd99fa,60,widgets/gauge,
icons/project-editor/toolbar/add-gauge.svg,widgets,16,gauge,icons/widgets/16/gauge.svg,drop-dup,10dd99fa,60,widgets/gauge,cross-category;renamed
icons/dashboard-large/gauge.svg,widgets,32,gauge,icons/widgets/32/gauge.svg,move,b6608b9e,60,widgets/gauge,
icons/project-editor/actions/gauge.svg,widgets,32,gauge,icons/widgets/32/gauge.svg,drop-dup,b6608b9e,60,widgets/gauge,cross-category
icons/dashboard-small/gps.svg,widgets,16,gps,icons/widgets/16/gps.svg,move,a9978f17,13.5,widgets/gps,
icons/project-editor/toolbar/add-gps.svg,widgets,16,gps,icons/widgets/16/gps.svg,drop-dup,a9978f17,13.5,widgets/gps,cross-category;renamed
icons/project-editor/treeview/gps.svg,widgets,16,gps,icons/widgets/16/gps.svg,drop-dup,a9978f17,13.5,widgets/gps,cross-category
icons/dashboard-large/gps.svg,widgets,32,gps,icons/widgets/32/gps.svg,move,a8006ccf,30,widgets/gps,
icons/dashboard-small/group.svg,widgets,16,group,icons/widgets/16/group.svg,move,f28f0dc1,13.5,widgets/group,
icons/project-editor/model/group.svg,widgets,16,group,icons/widgets/16/group.svg,drop-dup,f28f0dc1,13.5,widgets/group,cross-category
icons/project-editor/treeview/group.svg,widgets,16,group,icons/widgets/16/group.svg,drop-dup,f28f0dc1,13.5,widgets/group,cross-category
icons/dashboard-large/group.svg,widgets,32,group,icons/widgets/32/group.svg,move,3284ac50,30,widgets/group,
icons/dashboard-small/gyroscope.svg,widgets,16,gyroscope,icons/widgets/16/gyroscope.svg,move,1257f2ce,13.5,widgets/gyroscope,
icons/project-editor/toolbar/add-gyroscope.svg,widgets,16,gyroscope,icons/widgets/16/gyroscope.svg,drop-dup,1257f2ce,13.5,widgets/gyroscope,cross-category;renamed
icons/project-editor/treeview/gyroscope.svg,widgets,16,gyroscope,icons/widgets/16/gyroscope.svg,drop-dup,1257f2ce,13.5,widgets/gyroscope,cross-category
icons/dashboard-large/gyroscope.svg,widgets,32,gyroscope,icons/widgets/32/gyroscope.svg,move,de0ce2f7,30,widgets/gyroscope,
icons/dashboard-small/image.svg,widgets,16,image,icons/widgets/16/image.svg,move,71429eb2,30,widgets/image,
icons/project-editor/model/image.svg,widgets,16,image,icons/widgets/16/image.svg,drop-dup,71429eb2,30,widgets/image,cross-category
icons/project-editor/treeview/image.svg,widgets,16,image,icons/widgets/16/image.svg,drop-dup,71429eb2,30,widgets/image,cross-category
icons/dashboard-large/image.svg,widgets,32,image,icons/widgets/32/image.svg,move,fe7b2983,30,widgets/image,
icons/project-editor/toolbar/image.svg,widgets,32,image,icons/widgets/32/image.svg,drop-dup,fe7b2983,30,widgets/image,cross-category
icons/dashboard-small/led.svg,widgets,16,led,icons/widgets/16/led.svg,move,9c011d88,13.5,widgets/led,
icons/project-editor/toolbar/add-led.svg,widgets,16,led,icons/widgets/16/led.svg,drop-dup,9c011d88,13.5,widgets/led,cross-category;renamed
icons/dashboard-large/led.svg,widgets,32,led,icons/widgets/32/led.svg,move,bde79bff,30,widgets/led,
icons/dashboard-small/meter.svg,widgets,16,meter,icons/widgets/16/meter.svg,move,86b0136c,13.5,widgets/meter,
icons/project-editor/toolbar/add-meter.svg,widgets,16,meter,icons/widgets/16/meter.svg,drop-dup,86b0136c,13.5,widgets/meter,cross-category;renamed
icons/dashboard-large/meter.svg,widgets,32,meter,icons/widgets/32/meter.svg,move,d0a4f701,30,widgets/meter,
icons/dashboard-small/multiplot.svg,widgets,16,multiplot,icons/widgets/16/multiplot.svg,move,44dffff7,13.5,widgets/multiplot,
icons/project-editor/toolbar/add-multiplot.svg,widgets,16,multiplot,icons/widgets/16/multiplot.svg,drop-dup,44dffff7,13.5,widgets/multiplot,cross-category;renamed
icons/project-editor/treeview/multiplot.svg,widgets,16,multiplot,icons/widgets/16/multiplot.svg,drop-dup,44dffff7,13.5,widgets/multiplot,cross-category
icons/dashboard-large/multiplot.svg,widgets,32,multiplot,icons/widgets/32/multiplot.svg,move,e81d2dae,30,widgets/multiplot,
icons/dashboard-small/notification-log.svg,widgets,16,notification-log,icons/widgets/16/notification-log.svg,move,96b923aa,12,widgets/notification-log,
icons/start/notifications.svg,widgets,16,notification-log,icons/widgets/16/notification-log.svg,drop-dup,96b923aa,12,widgets/notification-log,cross-category;renamed
icons/taskbar/notifications.svg,widgets,16,notification-log,icons/widgets/16/notification-log.svg,drop-dup,96b923aa,12,widgets/notification-log,cross-category;renamed
icons/dashboard-large/notification-log.svg,widgets,32,notification-log,icons/widgets/32/notification-log.svg,move,fdf7bf52,12,widgets/notification-log,
icons/dashboard-small/output-panel.svg,widgets,16,output-panel,icons/widgets/16/output-panel.svg,move,36e04f03,60,widgets/output-panel,
icons/project-editor/model/output-panel.svg,widgets,16,output-panel,icons/widgets/16/output-panel.svg,drop-dup,36e04f03,60,widgets/output-panel,cross-category
icons/project-editor/treeview/output-panel.svg,widgets,16,output-panel,icons/widgets/16/output-panel.svg,drop-dup,36e04f03,60,widgets/output-panel,cross-category
icons/dashboard-large/output-panel.svg,widgets,32,output-panel,icons/widgets/32/output-panel.svg,move,85f108ea,60,widgets/output-panel,
icons/project-editor/actions/output-panel.svg,widgets,32,output-panel,icons/widgets/32/output-panel.svg,drop-dup,85f108ea,60,widgets/output-panel,cross-category
icons/project-editor/toolbar/add-output-panel.svg,widgets,32,output-panel,icons/widgets/32/output-panel.svg,drop-dup,85f108ea,60,widgets/output-panel,cross-category;renamed
icons/dashboard-small/painter.svg,widgets,16,painter,icons/widgets/16/painter.svg,move,3ad7527c,30,widgets/painter,
icons/project-editor/treeview/painter.svg,widgets,16,painter,icons/widgets/16/painter.svg,drop-dup,3ad7527c,30,widgets/painter,cross-category
icons/dashboard-large/painter.svg,widgets,32,painter,icons/widgets/32/painter.svg,move,03967f74,30,widgets/painter,
icons/dashboard-small/plot.svg,widgets,16,plot,icons/widgets/16/plot.svg,move,04257d0d,13.5,widgets/plot,
icons/project-editor/model/plot.svg,widgets,16,plot,icons/widgets/16/plot.svg,drop-dup,04257d0d,13.5,widgets/plot,cross-category
icons/project-editor/toolbar/add-plot.svg,widgets,16,plot,icons/widgets/16/plot.svg,drop-dup,04257d0d,13.5,widgets/plot,cross-category;renamed
icons/dashboard-large/plot.svg,widgets,32,plot,icons/widgets/32/plot.svg,move,ba402edb,30,widgets/plot,
icons/dashboard-small/plot3d.svg,widgets,16,plot3d,icons/widgets/16/plot3d.svg,move,196e3c9a,12,widgets/plot3d,
icons/project-editor/toolbar/add-plot3d.svg,widgets,16,plot3d,icons/widgets/16/plot3d.svg,drop-dup,196e3c9a,12,widgets/plot3d,cross-category;renamed
icons/project-editor/treeview/plot3d.svg,widgets,16,plot3d,icons/widgets/16/plot3d.svg,drop-dup,196e3c9a,12,widgets/plot3d,cross-category
icons/dashboard-large/plot3d.svg,widgets,32,plot3d,icons/widgets/32/plot3d.svg,move,9c9968f9,30,widgets/plot3d,
icons/dashboard-small/stopwatch.svg,widgets,16,stopwatch,icons/widgets/16/stopwatch.svg,move,52a48524,16,widgets/stopwatch,
icons/start/stopwatch.svg,widgets,16,stopwatch,icons/widgets/16/stopwatch.svg,drop-dup,52a48524,16,widgets/stopwatch,cross-category
icons/taskbar/stopwatch.svg,widgets,16,stopwatch,icons/widgets/16/stopwatch.svg,drop-dup,52a48524,16,widgets/stopwatch,cross-category
icons/dashboard-large/stopwatch.svg,widgets,32,stopwatch,icons/widgets/32/stopwatch.svg,move,80b73d3e,40,widgets/stopwatch,
icons/dashboard-small/terminal.svg,widgets,16,terminal,icons/widgets/16/terminal.svg,move,d1ceda11,13.5,widgets/terminal,
icons/panes/console.svg,widgets,16,terminal,icons/widgets/16/terminal.svg,drop-dup,d1ceda11,13.5,widgets/terminal,cross-category;renamed
icons/dashboard-large/terminal.svg,widgets,32,terminal,icons/widgets/32/terminal.svg,move,20cd6cf2,24,widgets/terminal,
icons/dashboard-small/waterfall.svg,widgets,16,waterfall,icons/widgets/16/waterfall.svg,move,fcde706f,13.5,widgets/waterfall,
icons/dashboard-large/waterfall.svg,widgets,32,waterfall,icons/widgets/32/waterfall.svg,move,cd74c4f5,30,widgets/waterfall,
icons/dashboard-small/webview.svg,widgets,16,webview,icons/widgets/16/webview.svg,move,5311ccd9,60,widgets/webview,
icons/project-editor/treeview/webview.svg,widgets,16,webview,icons/widgets/16/webview.svg,drop-dup,5311ccd9,60,widgets/webview,cross-category
icons/dashboard-large/webview.svg,widgets,32,webview,icons/widgets/32/webview.svg,move,f82e2a71,60,widgets/webview,
icons/project-editor/toolbar/add-webview.svg,widgets,32,webview,icons/widgets/32/webview.svg,drop-dup,f82e2a71,60,widgets/webview,cross-category;renamed
icons/dashboard-small/workspace.svg,widgets,16,workspace,icons/widgets/16/workspace.svg,move,70a16b73,60,widgets/workspace,
icons/project-editor/treeview/workspace.svg,widgets,16,workspace,icons/widgets/16/workspace.svg,drop-dup,70a16b73,60,widgets/workspace,cross-category
icons/dashboard-large/workspace.svg,widgets,32,workspace,icons/widgets/32/workspace.svg,move,1fe229cd,60,widgets/workspace,
icons/csd/close.svg,window,32,close,icons/window/32/close.svg,move,633813b4,36,window/close,
icons/miniwindow/close.svg,window,32,close,icons/window/32/close.svg,drop-dup,633813b4,36,window/close,
icons/miniwindow/external.svg,window,48,external,icons/window/48/external.svg,move,f4e7b79d,48,window/external,
icons/csd/maximize.svg,window,32,maximize,icons/window/32/maximize.svg,move,95d29862,36,window/maximize,
icons/miniwindow/maximize.svg,window,32,maximize,icons/window/32/maximize.svg,drop-dup,95d29862,36,window/maximize,
icons/csd/minimize.svg,window,32,minimize,icons/window/32/minimize.svg,move,8b0d530f,36,window/minimize,
icons/miniwindow/minimize.svg,window,32,minimize,icons/window/32/minimize.svg,drop-dup,8b0d530f,36,window/minimize,
icons/csd/restore.svg,window,32,restore,icons/window/32/restore.svg,move,8da6a87d,36,window/restore,
icons/miniwindow/restore.svg,window,32,restore,icons/window/32/restore.svg,drop-dup,8da6a87d,36,window/restore,
